<?xml version="1.0" encoding="UTF-8"?>
<project-private xmlns="http://www.netbeans.org/ns/project-private/1">
    <editor-bookmarks xmlns="http://www.netbeans.org/ns/editor-bookmarks/2" lastBookmarkId="0"/>
    <open-files xmlns="http://www.netbeans.org/ns/projectui-open-files/2">
        <group>
            <file>file:/C:/Users/Callum/OneDrive%20-%20Clow%20Inc/School/Uni/COMP603/Assessments/Assignment%201%20-%20CUI/Assignment%201%20-%20CUI/src/assignment/pkg1/cui/IO.java</file>
            <file>file:/C:/Users/Callum/OneDrive%20-%20Clow%20Inc/School/Uni/COMP603/Assessments/Assignment%201%20-%20CUI/Assignment%201%20-%20CUI/src/assignment/pkg1/cui/Game.java</file>
            <file>file:/C:/Users/Callum/OneDrive%20-%20Clow%20Inc/School/Uni/COMP603/Assessments/Assignment%201%20-%20CUI/Assignment%201%20-%20CUI/src/assignment/pkg1/cui/Player.java</file>
            <file>file:/C:/Users/Callum/OneDrive%20-%20Clow%20Inc/School/Uni/COMP603/Assessments/Assignment%201%20-%20CUI/Assignment%201%20-%20CUI/src/assignment/pkg1/cui/Card.java</file>
            <file>file:/C:/Users/Callum/OneDrive%20-%20Clow%20Inc/School/Uni/COMP603/Assessments/Assignment%201%20-%20CUI/Assignment%201%20-%20CUI/src/assignment/pkg1/cui/Assignment1CUI.java</file>
        </group>
    </open-files>
</project-private>
